#FusionName	JunctionReadCount	SpanningFragCount	SpliceType	LeftGene	LeftBreakpoint	RightGene	RightBreakpoint	LargeAnchorSupport	FFPM	LeftBreakDinuc	LeftBreakEntropy	RightBreakDinuc	RightBreakEntropy	annots
IGKV2-30--IGKJ5	87	8	INCL_NON_REF_SPLICE	IGKV2-30^ENSG00000243238.1	chr2:89244782:-	IGKJ5^ENSG00000211593.2	chr2:88860605:-	YES_LDAS	1.1852	TC	1.9329	TG	1.9219	["HGNC_GENEFAM","GTEx_recurrent_StarF2019","INTRACHROMOSOMAL[chr2:0.38Mb]"]
IGKV2-30--AC244205.1	33	24	INCL_NON_REF_SPLICE	IGKV2-30^ENSG00000243238.1	chr2:89244782:-	AC244205.1^ENSG00000240040.6	chr2:88860605:-	YES_LDAS	0.7111	TC	1.9329	TG	1.9219	["GTEx_recurrent_StarF2019","BodyMap","INTRACHROMOSOMAL[chr2:0.38Mb]"]
IGKV2-30--AC244205.2	33	24	INCL_NON_REF_SPLICE	IGKV2-30^ENSG00000243238.1	chr2:89244782:-	AC244205.2^ENSG00000283270.1	chr2:88860605:-	YES_LDAS	0.7111	TC	1.9329	TG	1.9219	["CCLE_StarF2019","INTRACHROMOSOMAL[chr2:0.42Mb]"]
B9D1--KIAA1328	19	31	ONLY_REF_SPLICE	B9D1^ENSG00000108641.15	chr17:19357840:-	KIAA1328^ENSG00000150477.14	chr18:37222017:+	YES_LDAS	0.6238	GT	1.7232	AG	1.8892	["INTERCHROMOSOMAL[chr17--chr18]"]
IGH-@--MYC	11	25	INCL_NON_REF_SPLICE	IGH-@^IGH-.g@	chr14:105856217:+	MYC^ENSG00000136997.17	chr8:127738794:+	YES_LDAS	0.4491	CT	1.8323	AC	1.9656	["GTEx_recurrent_StarF2019","INTERCHROMOSOMAL[chr14--chr8]"]
B9D1--KIAA1328	3	31	ONLY_REF_SPLICE	B9D1^ENSG00000108641.15	chr17:19360320:-	KIAA1328^ENSG00000150477.14	chr18:37222017:+	YES_LDAS	0.4242	GT	1.6895	AG	1.8892	["INTERCHROMOSOMAL[chr17--chr18]"]
TRDV2--TRAC	7	14	INCL_NON_REF_SPLICE	TRDV2^ENSG00000211821.2	chr14:22422881:+	TRAC^ENSG00000277734.7	chr14:22547506:+	YES_LDAS	0.262	GT	1.5301	AG	1.9086	["CCLE_StarF2019","INTRACHROMOSOMAL[chr14:0.12Mb]"]
NIPA2--POLA1	10	0	INCL_NON_REF_SPLICE	NIPA2^ENSG00000140157.14	chr15:22867855:+	POLA1^ENSG00000101868.10	chrX:24703269:+	YES_LDAS	0.1248	AT	1.5058	GT	1.5656	["GTEx_recurrent_StarF2019","INTERCHROMOSOMAL[chr15--chrX]"]
MT-ATP8--MTATP6P1	9	2	INCL_NON_REF_SPLICE	MT-ATP8^ENSG00000228253.1	chrM:8443:+	MTATP6P1^ENSG00000248527.1	chr1:633990:+	YES_LDAS	0.1373	AA	1.5058	TA	1.8256	["GTEx_recurrent_StarF2019","INTERCHROMOSOMAL[chrM--chr1]"]
KANSL1--AC126544.2	3	22	INCL_NON_REF_SPLICE	KANSL1^ENSG00000120071.14	chr17:46152904:-	AC126544.2^ENSG00000285668.1	chr17:45598501:-	YES_LDAS	0.3119	CT	1.8295	AG	1.8062	["INTRACHROMOSOMAL[chr17:0.44Mb]"]
AP000580.1--AC146507.1	6	0	INCL_NON_REF_SPLICE	AP000580.1^ENSG00000219529.2	chr11:77813387:-	AC146507.1^ENSG00000239393.1	chr5:177346357:+	YES_LDAS	0.0749	GT	1.9219	AG	1.8323	["GTEx_recurrent_StarF2019","INTERCHROMOSOMAL[chr11--chr5]"]
MTND5P32--MT-ND5	6	0	INCL_NON_REF_SPLICE	MTND5P32^ENSG00000259379.1	chr15:58153495:+	MT-ND5^ENSG00000198786.2	chrM:13238:+	YES_LDAS	0.0749	AA	1.4256	AA	1.8323	["INTERCHROMOSOMAL[chr15--chrM]"]
RSF1--AC146507.1	6	0	INCL_NON_REF_SPLICE	RSF1^ENSG00000048649.13	chr11:77813387:-	AC146507.1^ENSG00000239393.1	chr5:177346357:+	YES_LDAS	0.0749	GT	1.9219	AG	1.8323	["GTEx_recurrent_StarF2019","INTERCHROMOSOMAL[chr11--chr5]"]
KANSL1--AC126544.2	3	10	INCL_NON_REF_SPLICE	KANSL1^ENSG00000120071.14	chr17:46152904:-	AC126544.2^ENSG00000285668.1	chr17:45597838:-	YES_LDAS	0.1622	CT	1.8295	AG	1.7819	["INTRACHROMOSOMAL[chr17:0.44Mb]"]
AC025437.4--AC091979.2	3	9	INCL_NON_REF_SPLICE	AC025437.4^ENSG00000253673.1	chr5:158251066:+	AC091979.2^ENSG00000272085.1	chr5:158464467:+	YES_LDAS	0.1497	GT	1.9899	AG	1.7056	["CCLE_StarF2019","INTRACHROMOSOMAL[chr5:0.26Mb]"]
BMS1P16--IGL@	5	0	ONLY_REF_SPLICE	BMS1P16^ENSG00000258684.2	chr15:21167357:+	IGL@^IGL.g@	chr22:22318899:+	YES_LDAS	0.0624	GT	1.9656	AG	1.6402	["INTERCHROMOSOMAL[chr15--chr22]"]
BMS1P16--IGLV5-52	5	0	ONLY_REF_SPLICE	BMS1P16^ENSG00000258684.2	chr15:21167357:+	IGLV5-52^ENSG00000211643.2	chr22:22318899:+	YES_LDAS	0.0624	GT	1.9656	AG	1.6402	["INTERCHROMOSOMAL[chr15--chr22]"]
MTRNR2L12--AC025627.3	5	0	INCL_NON_REF_SPLICE	MTRNR2L12^ENSG00000269028.3	chr3:96617188:-	AC025627.3^ENSG00000266179.2	chr17:19601319:+	YES_LDAS	0.0624	TA	1.7232	AC	1.9086	["GTEx_recurrent_StarF2019","INTERCHROMOSOMAL[chr3--chr17]"]
RPL17--RPS6	1	16	ONLY_REF_SPLICE	RPL17^ENSG00000265681.7	chr18:49489359:-	RPS6^ENSG00000137154.12	chr9:19378918:-	YES_LDAS	0.2121	GT	1.4566	AG	1.8323	["INTERCHROMOSOMAL[chr18--chr9]"]
AL049872.1--MIR1244-2	4	0	INCL_NON_REF_SPLICE	AL049872.1^ENSG00000259020.3	chr14:92026920:+	MIR1244-2^ENSG00000283498.1	chr5:118974156:+	YES_LDAS	0.0499	GG	1.0530	AA	1.9329	["INTERCHROMOSOMAL[chr14--chr5]"]
RPL17-C18orf32--RPS6	1	12	ONLY_REF_SPLICE	RPL17-C18orf32^ENSG00000215472.10	chr18:49489359:-	RPS6^ENSG00000137154.12	chr9:19378918:-	YES_LDAS	0.1622	GT	1.4566	AG	1.8323	["INTERCHROMOSOMAL[chr18--chr9]"]
IGL-@--IGLVI-70	3	3	INCL_NON_REF_SPLICE	IGL-@^IGL-.g@	chr22:22195970:-	IGLVI-70^ENSG00000253239.1	chr22:22026222:+	YES_LDAS	0.0748	CT	1.8892	AC	1.5058	["INTRACHROMOSOMAL[chr22:0.00Mb]","LOCAL_INVERSION:-:+:[4341]"]
PRAMENP--IGL@	3	3	ONLY_REF_SPLICE	PRAMENP^ENSG00000197549.9	chr22:22026222:-	IGL@^IGL.g@	chr22:22195970:+	YES_LDAS	0.0748	GT	1.5058	AG	1.8892	["INTRACHROMOSOMAL[chr22:0.01Mb]","NEIGHBORS_OVERLAP:-:+:[13000]"]
PRAMENP--IGLV6-57	3	3	ONLY_REF_SPLICE	PRAMENP^ENSG00000197549.9	chr22:22026222:-	IGLV6-57^ENSG00000211640.4	chr22:22195970:+	YES_LDAS	0.0748	GT	1.5058	AG	1.8892	["INTRACHROMOSOMAL[chr22:0.15Mb]"]
AC084121.3--AF228730.2	3	1	INCL_NON_REF_SPLICE	AC084121.3^ENSG00000284655.1	chr8:7680309:-	AF228730.2^ENSG00000234120.1	chr8:7113742:-	YES_LDAS	0.0499	GT	1.5301	AG	1.7056	["INTRACHROMOSOMAL[chr8:0.57Mb]"]
IGH@--SMPD4	3	1	INCL_NON_REF_SPLICE	IGH@^IGH.g@	chr14:105851840:-	SMPD4^ENSG00000136699.19	chr2:130181718:-	NO_LDAS	0.0499	GC	1.8256	AT	1.2310	["GTEx_recurrent_StarF2019","INTERCHROMOSOMAL[chr14--chr2]"]
IGHM--SMPD4	3	1	INCL_NON_REF_SPLICE	IGHM^ENSG00000211899.10	chr14:105851840:-	SMPD4^ENSG00000136699.19	chr2:130181718:-	NO_LDAS	0.0499	GC	1.8256	AT	1.2310	["TCGA_StarF2019","INTERCHROMOSOMAL[chr14--chr2]"]
ZNF740--SEPT9	3	1	INCL_NON_REF_SPLICE	ZNF740^ENSG00000139651.10	chr12:53190498:+	SEPT9^ENSG00000184640.17	chr17:77498707:+	NO_LDAS	0.0499	AC	1.8323	TC	1.2366	["TCGA_StarF2019","INTERCHROMOSOMAL[chr12--chr17]"]
BDP1--NAT8L	3	0	ONLY_REF_SPLICE	BDP1^ENSG00000145734.18	chr5:71524323:+	NAT8L^ENSG00000185818.7	chr4:2060998:+	YES_LDAS	0.0374	GT	1.5329	AG	1.5656	["INTERCHROMOSOMAL[chr5--chr4]"]
CDR2--NPM1P27	3	0	INCL_NON_REF_SPLICE	CDR2^ENSG00000140743.7	chr16:22429796:-	NPM1P27^ENSG00000249353.2	chr5:93683194:-	YES_LDAS	0.0374	GT	1.8892	GA	1.5850	["INTERCHROMOSOMAL[chr16--chr5]"]
FDPS--AL035071.1	3	0	INCL_NON_REF_SPLICE	FDPS^ENSG00000160752.14	chr1:155318005:+	AL035071.1^ENSG00000260257.2	chr20:32857806:+	YES_LDAS	0.0374	CT	1.7819	AT	1.6402	["INTERCHROMOSOMAL[chr1--chr20]"]
HLA-S--HLA-A	3	0	ONLY_REF_SPLICE	HLA-S^ENSG00000225851.1	chr6:31382241:-	HLA-A^ENSG00000206503.12	chr6:29945451:+	YES_LDAS	0.0374	GT	1.9656	AG	1.9656	["HGNC_GENEFAM","GTEx_recurrent_StarF2019","INTRACHROMOSOMAL[chr6:1.44Mb]"]
RPL13--AC094085.1	3	0	INCL_NON_REF_SPLICE	RPL13^ENSG00000167526.13	chr16:89562393:+	AC094085.1^ENSG00000243385.2	chr5:83201698:+	YES_LDAS	0.0374	AA	1.8323	AC	1.7968	["INTERCHROMOSOMAL[chr16--chr5]"]
RRN3P3--NPM1P27	3	0	INCL_NON_REF_SPLICE	RRN3P3^ENSG00000257122.5	chr16:22429796:-	NPM1P27^ENSG00000249353.2	chr5:93683194:-	YES_LDAS	0.0374	GT	1.8892	GA	1.5850	["INTERCHROMOSOMAL[chr16--chr5]"]
TTYH1--ATF5	3	0	INCL_NON_REF_SPLICE	TTYH1^ENSG00000167614.13	chr19:54433729:+	ATF5^ENSG00000169136.10	chr19:49933316:+	YES_LDAS	0.0374	AA	0.9056	AC	1.3383	["GTEx_recurrent_StarF2019","INTRACHROMOSOMAL[chr19:4.48Mb]"]
TEX41--ARHGAP15	1	6	ONLY_REF_SPLICE	TEX41^ENSG00000226674.9	chr2:144691110:+	ARHGAP15^ENSG00000075884.13	chr2:143624133:+	NO_LDAS	0.0874	GT	1.8892	AG	1.7465	["TCGA_StarF2019","INTRACHROMOSOMAL[chr2:0.90Mb]"]
TEX41--ARHGAP15	1	6	ONLY_REF_SPLICE	TEX41^ENSG00000226674.9	chr2:144691110:+	ARHGAP15^ENSG00000075884.13	chr2:143703419:+	YES_LDAS	0.0874	GT	1.8892	AG	1.2419	["TCGA_StarF2019","INTRACHROMOSOMAL[chr2:0.90Mb]"]
AC009093.9--NPM1	2	0	ONLY_REF_SPLICE	AC009093.9^ENSG00000284671.1	chr16:29102139:+	NPM1^ENSG00000181163.13	chr5:171400153:+	YES_LDAS	0.025	GT	1.8892	AG	1.5850	["INTERCHROMOSOMAL[chr16--chr5]"]
AC016866.1--AC016866.2	2	0	ONLY_REF_SPLICE	AC016866.1^ENSG00000264269.1	chr18:49026153:+	AC016866.2^ENSG00000265128.1	chr18:49126162:+	YES_LDAS	0.025	GT	1.8892	AG	1.8892	["INTRACHROMOSOMAL[chr18:0.07Mb]","NEIGHBORS[67827]"]
AC144548.1--ANKRD36BP2	2	0	ONLY_REF_SPLICE	AC144548.1^ENSG00000258210.1	chr12:110445452:-	ANKRD36BP2^ENSG00000230006.7	chr2:88778202:+	YES_LDAS	0.025	GT	1.8062	AG	1.7819	["INTERCHROMOSOMAL[chr12--chr2]"]
AC144548.1--FAM216A	2	0	ONLY_REF_SPLICE	AC144548.1^ENSG00000258210.1	chr12:110395101:-	FAM216A^ENSG00000204856.11	chr12:110487861:+	YES_LDAS	0.025	GT	1.5329	AG	1.6729	["INTRACHROMOSOMAL[chr12:0.02Mb]","LOCAL_INVERSION:-:+:[22816]"]
ACSL4--NUP214	2	0	ONLY_REF_SPLICE	ACSL4^ENSG00000068366.19	chrX:109733139:-	NUP214^ENSG00000126883.16	chr9:131215212:+	YES_LDAS	0.025	GT	1.3996	AG	1.5058	["INTERCHROMOSOMAL[chrX--chr9]"]
AL390198.1--ZNF22	2	0	ONLY_REF_SPLICE	AL390198.1^ENSG00000226465.2	chr20:25734895:+	ZNF22^ENSG00000165512.4	chr10:45003280:+	YES_LDAS	0.025	GT	1.8892	AG	1.9086	["INTERCHROMOSOMAL[chr20--chr10]"]
ANAPC7--FAM216A	2	0	ONLY_REF_SPLICE	ANAPC7^ENSG00000196510.12	chr12:110395101:-	FAM216A^ENSG00000204856.11	chr12:110487861:+	YES_LDAS	0.025	GT	1.5329	AG	1.6729	["INTRACHROMOSOMAL[chr12:0.06Mb]","LOCAL_INVERSION:-:+:[64634]"]
ARPC3--ANKRD36BP2	2	0	ONLY_REF_SPLICE	ARPC3^ENSG00000111229.15	chr12:110445452:-	ANKRD36BP2^ENSG00000230006.7	chr2:88778202:+	YES_LDAS	0.025	GT	1.8062	AG	1.7819	["INTERCHROMOSOMAL[chr12--chr2]"]
C5orf63--ACAD11	2	0	ONLY_REF_SPLICE	C5orf63^ENSG00000164241.13	chr5:127058882:-	ACAD11^ENSG00000240303.7	chr3:132631479:-	YES_LDAS	0.025	GT	1.8062	AG	1.9329	["INTERCHROMOSOMAL[chr5--chr3]"]
C5orf63--NPHP3-ACAD11	2	0	ONLY_REF_SPLICE	C5orf63^ENSG00000164241.13	chr5:127058882:-	NPHP3-ACAD11^ENSG00000274810.4	chr3:132631479:-	YES_LDAS	0.025	GT	1.8062	AG	1.9329	["INTERCHROMOSOMAL[chr5--chr3]"]
CPSF6--SRSF1	2	0	ONLY_REF_SPLICE	CPSF6^ENSG00000111605.17	chr12:69262562:+	SRSF1^ENSG00000136450.12	chr17:58005041:-	YES_LDAS	0.025	GT	1.9899	AG	1.8295	["HGNC_GENEFAM","INTERCHROMOSOMAL[chr12--chr17]"]
FGFR1OP--LRMP	2	0	ONLY_REF_SPLICE	FGFR1OP^ENSG00000213066.12	chr6:167010893:+	LRMP^ENSG00000118308.15	chr12:25061592:+	YES_LDAS	0.025	GT	1.6402	AG	1.8892	["INTERCHROMOSOMAL[chr6--chr12]"]
FZD3--NOP58	2	0	ONLY_REF_SPLICE	FZD3^ENSG00000104290.10	chr8:28494343:+	NOP58^ENSG00000055044.10	chr2:202295674:+	YES_LDAS	0.025	GT	1.6402	AG	1.5546	["INTERCHROMOSOMAL[chr8--chr2]"]
GOLGA8A--CCZ1	2	0	ONLY_REF_SPLICE	GOLGA8A^ENSG00000175265.17	chr15:34387833:-	CCZ1^ENSG00000122674.11	chr7:5912843:+	YES_LDAS	0.025	GT	1.9656	AG	1.9086	["INTERCHROMOSOMAL[chr15--chr7]"]
IMMP2L--SEPT7	2	0	ONLY_REF_SPLICE	IMMP2L^ENSG00000184903.9	chr7:111487238:-	SEPT7^ENSG00000122545.19	chr7:35863552:+	YES_LDAS	0.025	GT	1.8295	AG	1.7819	["INTRACHROMOSOMAL[chr7:74.76Mb]"]
MON2--ZNF394	2	0	ONLY_REF_SPLICE	MON2^ENSG00000061987.15	chr12:62538505:+	ZNF394^ENSG00000160908.14	chr7:99494631:-	YES_LDAS	0.025	GT	1.4566	AG	1.7819	["INTERCHROMOSOMAL[chr12--chr7]"]
PPP6R3--RBM14-RBM4	2	0	ONLY_REF_SPLICE	PPP6R3^ENSG00000110075.14	chr11:68460827:+	RBM14-RBM4^ENSG00000248643.5	chr11:66638559:+	YES_LDAS	0.025	GT	1.8323	AG	1.9086	["INTRACHROMOSOMAL[chr11:1.81Mb]"]
RFX3--CNIH4	2	0	ONLY_REF_SPLICE	RFX3^ENSG00000080298.15	chr9:3525747:-	CNIH4^ENSG00000143771.11	chr1:224365879:+	YES_LDAS	0.025	GT	1.8323	AG	1.9329	["INTERCHROMOSOMAL[chr9--chr1]"]
RPL36--UBB	2	0	ONLY_REF_SPLICE	RPL36^ENSG00000130255.12	chr19:5690600:+	UBB^ENSG00000170315.13	chr17:16381902:+	YES_LDAS	0.025	GT	1.4295	AG	1.9219	["INTERCHROMOSOMAL[chr19--chr17]"]
SEPT7--UBB	2	0	ONLY_REF_SPLICE	SEPT7^ENSG00000122545.19	chr7:35801270:+	UBB^ENSG00000170315.13	chr17:16381902:+	YES_LDAS	0.025	GT	1.8256	AG	1.9219	["INTERCHROMOSOMAL[chr7--chr17]"]
SLC29A2--AC126755.1	2	0	ONLY_REF_SPLICE	SLC29A2^ENSG00000174669.11	chr11:66369369:-	AC126755.1^ENSG00000205746.9	chr16:18339957:-	YES_LDAS	0.025	GT	1.9086	AG	1.8062	["INTERCHROMOSOMAL[chr11--chr16]"]
SLC29A2--AC126755.7	2	0	ONLY_REF_SPLICE	SLC29A2^ENSG00000174669.11	chr11:66369369:-	AC126755.7^ENSG00000285628.1	chr16:18339957:-	YES_LDAS	0.025	GT	1.9086	AG	1.8062	["INTERCHROMOSOMAL[chr11--chr16]"]
Z94721.2--LRMP	2	0	ONLY_REF_SPLICE	Z94721.2^ENSG00000272980.4	chr6:167010893:+	LRMP^ENSG00000118308.15	chr12:25061592:+	YES_LDAS	0.025	GT	1.6402	AG	1.8892	["INTERCHROMOSOMAL[chr6--chr12]"]
ZNF804A--AC068547.1	2	0	ONLY_REF_SPLICE	ZNF804A^ENSG00000170396.7	chr2:184599070:+	AC068547.1^ENSG00000283228.1	chr2:151815199:-	YES_LDAS	0.025	GT	1.8892	AG	1.8295	["INTRACHROMOSOMAL[chr2:32.62Mb]"]
ZNF804A--ARL5A	2	0	ONLY_REF_SPLICE	ZNF804A^ENSG00000170396.7	chr2:184599070:+	ARL5A^ENSG00000162980.16	chr2:151815199:-	YES_LDAS	0.025	GT	1.8892	AG	1.8295	["INTRACHROMOSOMAL[chr2:32.77Mb]"]
B2M--PTMA	1	3	ONLY_REF_SPLICE	B2M^ENSG00000166710.18	chr15:44711613:+	PTMA^ENSG00000187514.16	chr2:231711348:+	NO_LDAS	0.0499	GT	1.9656	AG	1.6895	["INTERCHROMOSOMAL[chr15--chr2]"]
CD74--RPS14	1	3	ONLY_REF_SPLICE	CD74^ENSG00000019582.14	chr5:150412625:-	RPS14^ENSG00000164587.12	chr5:150444353:-	YES_LDAS	0.0499	GT	1.6402	AG	1.8892	["TCGA_StarF2019","INTRACHROMOSOMAL[chr5:0.03Mb]","LOCAL_REARRANGEMENT:-:[29706]"]
GOLGA8B--RPS18	1	3	ONLY_REF_SPLICE	GOLGA8B^ENSG00000215252.11	chr15:34534054:-	RPS18^ENSG00000231500.6	chr6:33275797:+	YES_LDAS	0.0499	GT	1.9656	AG	1.7232	["INTERCHROMOSOMAL[chr15--chr6]"]
IARS--RPLP0	1	3	ONLY_REF_SPLICE	IARS^ENSG00000196305.17	chr9:92287791:-	RPLP0^ENSG00000089157.15	chr12:120197462:-	NO_LDAS	0.0499	GT	1.8892	AG	1.9086	["INTERCHROMOSOMAL[chr9--chr12]"]
RPS19--CYFIP2	1	3	ONLY_REF_SPLICE	RPS19^ENSG00000105372.7	chr19:41861212:+	CYFIP2^ENSG00000055163.19	chr5:157392833:+	YES_LDAS	0.0499	GT	1.9656	AG	1.9329	["INTERCHROMOSOMAL[chr19--chr5]"]
AC117378.1--SEPT9	1	2	ONLY_REF_SPLICE	AC117378.1^ENSG00000285625.1	chr12:56724452:-	SEPT9^ENSG00000184640.17	chr17:77482144:+	YES_LDAS	0.0375	GT	1.8256	AG	1.8323	["INTERCHROMOSOMAL[chr12--chr17]"]
AC245187.2--HMGB1	1	2	ONLY_REF_SPLICE	AC245187.2^ENSG00000282142.1	chr8:2528670:-	HMGB1^ENSG00000189403.14	chr13:30463694:-	NO_LDAS	0.0375	GT	1.0530	AG	1.1033	["INTERCHROMOSOMAL[chr8--chr13]"]
AL031847.2--NAP1L1	1	2	ONLY_REF_SPLICE	AL031847.2^ENSG00000285629.1	chr1:6192930:-	NAP1L1^ENSG00000187109.13	chr12:76053110:-	NO_LDAS	0.0375	GT	1.9329	AG	1.8892	["INTERCHROMOSOMAL[chr1--chr12]"]
EEF1A1--NOLC1	1	2	ONLY_REF_SPLICE	EEF1A1^ENSG00000156508.17	chr6:73518354:-	NOLC1^ENSG00000166197.16	chr10:102161556:+	NO_LDAS	0.0375	GT	1.9329	AG	1.8892	["INTERCHROMOSOMAL[chr6--chr10]"]
EEF1D--B2M	1	2	ONLY_REF_SPLICE	EEF1D^ENSG00000104529.17	chr8:143597348:-	B2M^ENSG00000166710.18	chr15:44715423:+	YES_LDAS	0.0375	GT	1.5656	AG	1.9329	["INTERCHROMOSOMAL[chr8--chr15]"]
NACA--SEPT9	1	2	ONLY_REF_SPLICE	NACA^ENSG00000196531.10	chr12:56724452:-	SEPT9^ENSG00000184640.17	chr17:77482144:+	YES_LDAS	0.0375	GT	1.8256	AG	1.8323	["INTERCHROMOSOMAL[chr12--chr17]"]
NPEPPS--TBC1D3B	1	2	ONLY_REF_SPLICE	NPEPPS^ENSG00000141279.15	chr17:47592545:+	TBC1D3B^ENSG00000274808.5	chr17:36175051:-	YES_LDAS	0.0375	GT	1.9329	AG	1.7465	["GTEx_recurrent_StarF2019","INTRACHROMOSOMAL[chr17:11.35Mb]"]
NSF--LRRC37A	1	2	ONLY_REF_SPLICE	NSF^ENSG00000073969.18	chr17:46704854:+	LRRC37A^ENSG00000176681.14	chr17:46299794:+	YES_LDAS	0.0375	GT	1.6729	AG	1.7232	["GTEx_recurrent_StarF2019","INTRACHROMOSOMAL[chr17:0.25Mb]"]
PABPC1--PCBP2	1	2	ONLY_REF_SPLICE	PABPC1^ENSG00000070756.15	chr8:100715462:-	PCBP2^ENSG00000197111.15	chr12:53468777:+	YES_LDAS	0.0375	GT	1.7968	AG	1.9086	["INTERCHROMOSOMAL[chr8--chr12]"]
POC1B--DUSP6	1	2	ONLY_REF_SPLICE	POC1B^ENSG00000139323.13	chr12:89459638:-	DUSP6^ENSG00000139318.7	chr12:89349561:-	NO_LDAS	0.0375	GT	1.8062	AG	1.8062	["GTEx_recurrent_StarF2019","INTRACHROMOSOMAL[chr12:0.07Mb]","NEIGHBORS[66447]"]
RPL22--NAP1L1	1	2	ONLY_REF_SPLICE	RPL22^ENSG00000116251.10	chr1:6192930:-	NAP1L1^ENSG00000187109.13	chr12:76053110:-	NO_LDAS	0.0375	GT	1.9329	AG	1.8892	["INTERCHROMOSOMAL[chr1--chr12]"]
RPL7--FNBP4	1	2	ONLY_REF_SPLICE	RPL7^ENSG00000147604.13	chr8:73292239:-	FNBP4^ENSG00000109920.12	chr11:47731561:-	YES_LDAS	0.0375	GT	1.8892	AG	1.9086	["INTERCHROMOSOMAL[chr8--chr11]"]
RPS28--RPL18A	1	2	ONLY_REF_SPLICE	RPS28^ENSG00000233927.4	chr19:8321569:+	RPL18A^ENSG00000105640.12	chr19:17861293:+	YES_LDAS	0.0375	GT	1.9329	AG	1.8892	["INTRACHROMOSOMAL[chr19:9.54Mb]"]
AC002470.2--MYC	1	1	ONLY_REF_SPLICE	AC002470.2^ENSG00000285314.1	chr22:20995872:+	MYC^ENSG00000136997.17	chr8:127738248:+	YES_LDAS	0.025	GT	1.5329	AG	1.6402	["INTERCHROMOSOMAL[chr22--chr8]"]
ATF2--CHN1	1	1	ONLY_REF_SPLICE	ATF2^ENSG00000115966.16	chr2:175080660:-	CHN1^ENSG00000128656.13	chr2:174952202:-	YES_LDAS	0.025	GT	1.9086	AG	1.6402	["GTEx_recurrent_StarF2019","ConjoinG","INTRACHROMOSOMAL[chr2:0.07Mb]","NEIGHBORS[66881]"]
B2M--GNAS	1	1	ONLY_REF_SPLICE	B2M^ENSG00000166710.18	chr15:44711613:+	GNAS^ENSG00000087460.24	chr20:58895612:+	YES_LDAS	0.025	GT	1.9656	AG	1.8892	["INTERCHROMOSOMAL[chr15--chr20]"]
B2M--SFPQ	1	1	ONLY_REF_SPLICE	B2M^ENSG00000166710.18	chr15:44711613:+	SFPQ^ENSG00000116560.10	chr1:35178036:-	NO_LDAS	0.025	GT	1.9656	AG	1.5656	["INTERCHROMOSOMAL[chr15--chr1]"]
CANX--SFPQ	1	1	ONLY_REF_SPLICE	CANX^ENSG00000127022.14	chr5:179699102:+	SFPQ^ENSG00000116560.10	chr1:35178036:-	YES_LDAS	0.025	GT	1.7465	AG	1.5656	["INTERCHROMOSOMAL[chr5--chr1]"]
CCDC88C--RPL9	1	1	ONLY_REF_SPLICE	CCDC88C^ENSG00000015133.18	chr14:91359642:-	RPL9^ENSG00000163682.16	chr4:39454944:-	YES_LDAS	0.025	GT	1.9656	AG	1.6895	["INTERCHROMOSOMAL[chr14--chr4]"]
CHL1--CMC1	1	1	ONLY_REF_SPLICE	CHL1^ENSG00000134121.9	chr3:197368:+	CMC1^ENSG00000187118.13	chr3:28263291:+	NO_LDAS	0.025	GT	0.9710	AG	1.8323	["INTRACHROMOSOMAL[chr3:27.83Mb]"]
CRAMP1--NEIL1	1	1	ONLY_REF_SPLICE	CRAMP1^ENSG00000007545.15	chr16:1662835:+	NEIL1^ENSG00000140398.13	chr15:75354250:+	NO_LDAS	0.025	GT	1.9086	AG	1.7968	["INTERCHROMOSOMAL[chr16--chr15]"]
CTSC--RAB38	1	1	ONLY_REF_SPLICE	CTSC^ENSG00000109861.15	chr11:88300530:-	RAB38^ENSG00000123892.11	chr11:88149955:-	YES_LDAS	0.025	GT	1.9656	AG	1.8062	["Babiceanu_Normal","GTEx_recurrent_StarF2019","Greger_Normal","ChimerSeq","INTRACHROMOSOMAL[chr11:0.12Mb]"]
CXCR4--SMAD2	1	1	ONLY_REF_SPLICE	CXCR4^ENSG00000121966.6	chr2:136118046:-	SMAD2^ENSG00000175387.15	chr18:47896809:-	YES_LDAS	0.025	GT	1.7465	AG	1.9086	["INTERCHROMOSOMAL[chr2--chr18]"]
GUSBP2--C1QTNF3	1	1	ONLY_REF_SPLICE	GUSBP2^ENSG00000241549.8	chr6:26872124:-	C1QTNF3^ENSG00000082196.20	chr5:34035758:-	YES_LDAS	0.025	GT	1.4295	AG	1.8323	["CCLE_StarF2019","INTERCHROMOSOMAL[chr6--chr5]"]
GUSBP2--C1QTNF3-AMACR	1	1	ONLY_REF_SPLICE	GUSBP2^ENSG00000241549.8	chr6:26872124:-	C1QTNF3-AMACR^ENSG00000273294.1	chr5:34035758:-	YES_LDAS	0.025	GT	1.4295	AG	1.8323	["INTERCHROMOSOMAL[chr6--chr5]"]
HERPUD1--PFDN4	1	1	ONLY_REF_SPLICE	HERPUD1^ENSG00000051108.14	chr16:56936817:+	PFDN4^ENSG00000101132.9	chr20:54214351:+	NO_LDAS	0.025	GT	1.8295	AG	1.9656	["INTERCHROMOSOMAL[chr16--chr20]"]
HNRNPK--NPM1	1	1	ONLY_REF_SPLICE	HNRNPK^ENSG00000165119.20	chr9:83980153:-	NPM1^ENSG00000181163.13	chr5:171390051:+	NO_LDAS	0.025	GT	1.7056	AG	1.8256	["INTERCHROMOSOMAL[chr9--chr5]"]
HNRNPU--IGL@	1	1	ONLY_REF_SPLICE	HNRNPU^ENSG00000153187.19	chr1:244845247:-	IGL@^IGL.g@	chr22:22195970:+	NO_LDAS	0.025	GT	1.7968	AG	1.8892	["INTERCHROMOSOMAL[chr1--chr22]"]
LRRC75A-AS1--FP236383.1	1	1	ONLY_REF_SPLICE	LRRC75A-AS1^ENSG00000175061.17	chr17:16439414:+	FP236383.1^ENSG00000280441.2	chr21:8405960:+	YES_LDAS	0.025	GT	1.8256	AG	1.9329	["CCLE_StarF2019","TCGA_StarF2019","INTERCHROMOSOMAL[chr17--chr21]"]
LZTR1--MYC	1	1	ONLY_REF_SPLICE	LZTR1^ENSG00000099949.19	chr22:20995872:+	MYC^ENSG00000136997.17	chr8:127738248:+	YES_LDAS	0.025	GT	1.5329	AG	1.6402	["INTERCHROMOSOMAL[chr22--chr8]"]
MSI2--TXNL4A	1	1	ONLY_REF_SPLICE	MSI2^ENSG00000153944.10	chr17:57262192:+	TXNL4A^ENSG00000141759.14	chr18:79977701:-	YES_LDAS	0.025	GT	1.5656	AG	1.7056	["INTERCHROMOSOMAL[chr17--chr18]"]
OXR1--EMC2	1	1	ONLY_REF_SPLICE	OXR1^ENSG00000164830.18	chr8:106713985:+	EMC2^ENSG00000104412.7	chr8:108469826:+	NO_LDAS	0.025	GT	1.6895	AG	1.9086	["INTRACHROMOSOMAL[chr8:1.69Mb]"]
PIK3CD--EEF1D	1	1	ONLY_REF_SPLICE	PIK3CD^ENSG00000171608.15	chr1:9651802:+	EEF1D^ENSG00000104529.17	chr8:143586852:-	YES_LDAS	0.025	GT	1.6895	AG	1.8295	["INTERCHROMOSOMAL[chr1--chr8]"]
PLPBP--CHMP1A	1	1	ONLY_REF_SPLICE	PLPBP^ENSG00000147471.11	chr8:37766355:+	CHMP1A^ENSG00000131165.14	chr16:89647331:-	YES_LDAS	0.025	GT	1.8892	AG	1.8892	["TCGA_StarF2019","INTERCHROMOSOMAL[chr8--chr16]"]
PRDM15--RPS12	1	1	ONLY_REF_SPLICE	PRDM15^ENSG00000141956.13	chr21:41836468:-	RPS12^ENSG00000112306.7	chr6:132814732:+	NO_LDAS	0.025	GT	1.9086	AG	1.9656	["INTERCHROMOSOMAL[chr21--chr6]"]
PSMA3-AS1--PSMA3	1	1	ONLY_REF_SPLICE	PSMA3-AS1^ENSG00000257621.7	chr14:58273979:-	PSMA3^ENSG00000100567.12	chr14:58270418:+	YES_LDAS	0.025	GT	1.5219	AG	1.6895	["INTRACHROMOSOMAL[chr14:0.01Mb]","NEIGHBORS_OVERLAP:-:+:[6647]"]
RNF170--AC110275.1	1	1	ONLY_REF_SPLICE	RNF170^ENSG00000120925.15	chr8:42887728:-	AC110275.1^ENSG00000254673.1	chr8:43059092:+	NO_LDAS	0.025	GT	1.8892	AG	1.7056	["INTRACHROMOSOMAL[chr8:0.12Mb]"]
RNF170--FNTA	1	1	ONLY_REF_SPLICE	RNF170^ENSG00000120925.15	chr8:42887728:-	FNTA^ENSG00000168522.12	chr8:43059092:+	NO_LDAS	0.025	GT	1.8892	AG	1.7056	["Klijn_CellLines","INTRACHROMOSOMAL[chr8:0.14Mb]"]
RPL12--OSBPL9	1	1	ONLY_REF_SPLICE	RPL12^ENSG00000197958.12	chr9:127449281:-	OSBPL9^ENSG00000117859.18	chr1:51797955:+	YES_LDAS	0.025	GT	1.1033	AG	1.9656	["INTERCHROMOSOMAL[chr9--chr1]"]
RPL13A--HLA-DRB1	1	1	ONLY_REF_SPLICE	RPL13A^ENSG00000142541.16	chr19:49489922:+	HLA-DRB1^ENSG00000196126.11	chr6:32580270:-	NO_LDAS	0.025	GT	1.9656	AG	1.9656	["INTERCHROMOSOMAL[chr19--chr6]"]
RPL19--EPG5	1	1	ONLY_REF_SPLICE	RPL19^ENSG00000108298.11	chr17:39204187:+	EPG5^ENSG00000152223.13	chr18:45916582:-	YES_LDAS	0.025	GT	1.9329	AG	1.7232	["INTERCHROMOSOMAL[chr17--chr18]"]
RPL37--ATXN2L	1	1	ONLY_REF_SPLICE	RPL37^ENSG00000145592.13	chr5:40834181:-	ATXN2L^ENSG00000168488.18	chr16:28829401:+	YES_LDAS	0.025	GT	1.9656	AG	1.9656	["INTERCHROMOSOMAL[chr5--chr16]"]
RPS19--UQCR11	1	1	ONLY_REF_SPLICE	RPS19^ENSG00000105372.7	chr19:41861212:+	UQCR11^ENSG00000127540.11	chr19:1598215:-	YES_LDAS	0.025	GT	1.9656	AG	1.5058	["INTRACHROMOSOMAL[chr19:40.25Mb]"]
RPS8--SRSF2	1	1	ONLY_REF_SPLICE	RPS8^ENSG00000142937.11	chr1:44776774:+	SRSF2^ENSG00000161547.16	chr17:76735158:-	NO_LDAS	0.025	GT	1.8892	AG	1.9656	["INTERCHROMOSOMAL[chr1--chr17]"]
SET--TRAF7	1	1	ONLY_REF_SPLICE	SET^ENSG00000119335.16	chr9:128694042:+	TRAF7^ENSG00000131653.12	chr16:2163883:+	YES_LDAS	0.025	GT	0.9183	AG	1.9656	["INTERCHROMOSOMAL[chr9--chr16]"]
SF1--IGL@	1	1	ONLY_REF_SPLICE	SF1^ENSG00000168066.20	chr11:64776498:-	IGL@^IGL.g@	chr22:22195970:+	NO_LDAS	0.025	GT	1.7465	AG	1.8892	["INTERCHROMOSOMAL[chr11--chr22]"]
SLC38A1--EEF1D	1	1	ONLY_REF_SPLICE	SLC38A1^ENSG00000111371.15	chr12:46269980:-	EEF1D^ENSG00000104529.17	chr8:143586852:-	YES_LDAS	0.025	GT	1.8295	AG	1.8295	["INTERCHROMOSOMAL[chr12--chr8]"]
SLC38A1--RAB33B	1	1	ONLY_REF_SPLICE	SLC38A1^ENSG00000111371.15	chr12:46268526:-	RAB33B^ENSG00000172007.5	chr4:139472686:+	YES_LDAS	0.025	GT	1.8892	AG	1.9899	["INTERCHROMOSOMAL[chr12--chr4]"]
SSBP2--GNAS	1	1	ONLY_REF_SPLICE	SSBP2^ENSG00000145687.16	chr5:81750981:-	GNAS^ENSG00000087460.24	chr20:58895612:+	YES_LDAS	0.025	GT	1.5656	AG	1.8892	["INTERCHROMOSOMAL[chr5--chr20]"]
STAM2--RPL37A	1	1	ONLY_REF_SPLICE	STAM2^ENSG00000115145.9	chr2:152175603:-	RPL37A^ENSG00000197756.9	chr2:216529270:+	YES_LDAS	0.025	GT	1.8892	AG	1.7968	["INTRACHROMOSOMAL[chr2:64.32Mb]"]
ZCCHC7--HMGB1	1	1	ONLY_REF_SPLICE	ZCCHC7^ENSG00000147905.17	chr9:37147445:+	HMGB1^ENSG00000189403.14	chr13:30463694:-	NO_LDAS	0.025	GT	1.8256	AG	1.1033	["INTERCHROMOSOMAL[chr9--chr13]"]
ZNF644--AL590094.1	1	1	ONLY_REF_SPLICE	ZNF644^ENSG00000122482.20	chr1:90937485:-	AL590094.1^ENSG00000233593.8	chr1:90832196:-	NO_LDAS	0.025	GT	1.9899	AG	1.9086	["CCLE_StarF2019","INTRACHROMOSOMAL[chr1:0.06Mb]","NEIGHBORS[63641]"]
